<?xml version='1.0' encoding='UTF-8'?>

<!--    Hibernate base file for Data & Persistency practice assignment P6   -->
<!--    (c) 2019 Hogeschool Utrecht                                         -->
<!--    Tijmen Muller (tijmen.muller@hu.nl)                                 -->

<!DOCTYPE hibernate-configuration PUBLIC
        "-//Hibernate/Hibernate Configuration DTD//EN"
        "http://www.hibernate.org/dtd/hibernate-configuration-3.0.dtd">

<hibernate-configuration>
    <session-factory>
        <property name="dialect">org.hibernate.dialect.PostgreSQL10Dialect</property>
        <property name="connection.url">jdbc:postgresql://localhost/ovchip</property>
        <property name="connection.username">postgres</property>
        <property name="connection.password">$WachtwO0rd123456789</property>
        <property name="hibernate.hbm2ddl.auto">update</property>

        <mapping class ="nl.hu.dp.ovchip.domein.Reiziger"/>
        <mapping class ="nl.hu.dp.ovchip.domein.Adres"/>
        <mapping class ="nl.hu.dp.ovchip.domein.OV_Chipkaart"/>
        <mapping class ="nl.hu.dp.ovchip.domein.Product"/>

        <!-- Enable this to show queries generated by Hibernate -->
        <!-- <property name="show_sql">true</property> -->
        <!-- <property name="format_sql">true</property> -->
    </session-factory>
</hibernate-configuration>
